"Source Name","E-Mail From",Subject,"Date Received","Message (Plaintext)","Message ID","Has Attachments",Path,"Thread ID","Data Source","E-Mail To"
outlook.pst,"Microsoft Outlook 2000","Welcome to Microsoft Outlook 2000!","2008-07-10 14:47:23 WIB","Welcome to Microsoft Outlook 2000 One Window to Your World of Information   Microsoft(R) Outlook(R) 2000 is the premier messaging and collaboration client that ...",2097188,Yes,"\\Top of Personal Folders\Inbox","3117c8be-ea3f-4d5e-af60-ac7773d6226a",nps-2008-jean.E01,
outlook.pst,"Google Alerts <googlealerts-noreply@google.com>","Google Alert - skin in the office","2008-07-18 10:19:43 WIB",,2103492,,"\\Top of Personal Folders\Deleted Items","05f6cdbe-b734-41a3-a591-b3d3d4d45564",nps-2008-jean.E01,jean@m57.biz
outlook.pst,"Google Alerts <googlealerts-noreply@google.com>","Google Alert - m57.biz","2008-07-17 01:55:25 WIB",,2103012,,"\\Top of Personal Folders\Deleted Items","67b0673c-ae33-4034-90ac-4a047091ce60",nps-2008-jean.E01,jean@m57.biz
outlook.pst,"alex <alex@m57.biz>","FW: UFOs Over U.S. Military Sites?","2008-07-20 06:32:54 WIB","CNN.com - Larry King
-----Original Message-----
From: Larry King Live [mailto:larryking@mail.cnn.com]
Sent: Friday, July 18, 2008 7:04 PM
To: alison@M57.BIZ...",2104612,,"\\Top of Personal Folders\Deleted Items","2abba70b-f2a9-4d33-a2d8-62533ad3669e",nps-2008-jean.E01,jean@m57.biz
outlook.pst,"alex <alex@m57.biz>","FW: Making People Sick AND Poor","2008-07-20 06:32:54 WIB","CNN.com - Lou Dobbs Tonight
-----Original Message-----
From: Lou Dobbs Tonight [mailto:loudobbs@mail.cnn.com]
Sent: Friday, July 18, 2008 7:20 PM
To: alison...",2104644,,"\\Top of Personal Folders\Deleted Items","9b47dce2-5297-4827-a0da-777aa5112513",nps-2008-jean.E01,jean@m57.biz
outlook.pst,"alex <alex@m57.biz>","FW: Subject line: Missing girl's mom borrowed a shovel?","2008-07-20 06:32:54 WIB","CNN.com - Prime News
-----Original Message-----
From: Prime News on Headline News [mailto:cnn@mail.cnn.com]
Sent: Friday, July 18, 2008 8:53 PM
To: alison@M...",2104676,,"\\Top of Personal Folders\Deleted Items","7184a1a2-918d-4c63-a822-244a04fa3370",nps-2008-jean.E01,jean@m57.biz
outlook.pst,"alex <alex@m57.biz>","FW: The CNN Political Ticker AM for Friday, July 18, 2008","2008-07-20 06:32:53 WIB","CNN.com - CNN Political Ticker
-----Original Message-----
From: CNN Political Ticker [mailto:politicalticker@cnn.com]
Sent: Friday, July 18, 2008 12:08 PM
T...",2104580,,"\\Top of Personal Folders\Deleted Items","c1314a6c-ff2d-47a8-9cab-fa902333e1b7",nps-2008-jean.E01,jean@m57.biz
outlook.pst,"alex <alex@m57.biz>","FW: Fans ready to stay up all 'Knight' for Batman movie","2008-07-20 06:32:52 WIB","-----Original Message-----
From: CNN AM QuickNews [mailto:mailings@mail.cnn.com]
Sent: Friday, July 18, 2008 10:31 AM
To: alison@M57.BIZ
Subject: Fans ready...",2104516,,"\\Top of Personal Folders\Deleted Items","58d66c74-ee72-4d5d-b5e6-53b124696009",nps-2008-jean.E01,jean@m57.biz
outlook.pst,"alex <alex@m57.biz>","FW: All In All, I Feel Like Another Brick In the Wall","2008-07-20 06:32:52 WIB","The Morning Express with Robin Meade
-----Original Message-----
From: Robin Meade of Headline News [mailto:cnn@mail.cnn.com]
Sent: Friday, July 18, 2008 10:4...",2104548,,"\\Top of Personal Folders\Deleted Items","317ab009-c426-4138-9990-9243a8e58db4",nps-2008-jean.E01,jean@m57.biz
outlook.pst,"alex <alison@m57.biz>","RE: which email address are you using?","2008-07-20 06:50:19 WIB","Yes, I got this email.


-----Original Message-----
From: Jean User [mailto:jean@m57.biz]
Sent: Sunday, July 20, 2008 12:46 AM
To: alex
Subject: RE: whic...",2105508,,"\\Top of Personal Folders\Deleted Items","79fdfda7-da05-41ee-917d-49fbfc93ef4f",nps-2008-jean.E01,
outlook.pst,"Microsoft Outlook 2000","Welcome to Microsoft Outlook 2000!","2008-07-06 14:38:43 WIB","Welcome to Microsoft Outlook 2000 One Window to Your World of Information   Microsoft(R) Outlook(R) 2000 is the premier messaging and collaboration client that ...",2097188,Yes,"\\Top of Personal Folders\Inbox","fb76bc0f-5ff4-4a38-8338-8c59599752c4",nps-2008-jean.E01,
outlook.pst,"Jean User <jean@m57.biz>","test test test","2008-07-06 14:48:26 WIB","Do I have email now?",2097380,,"\\Top of Personal Folders\Inbox","896dabf1-ad5a-4a80-8fbc-6ca7d675a476",nps-2008-jean.E01,jean@m57.biz
outlook.pst,"Jean User <jean@m57.biz>","let's try again","2008-07-06 14:48:26 WIB","Do I suck?",2097412,,"\\Top of Personal Folders\Inbox","3a40af60-55eb-496e-b054-6e4061a242dd",nps-2008-jean.E01,jean@m57.biz
outlook.pst,"jean@m57.biz <jean@m57.biz>","this is what I was talking about","2008-07-06 14:55:47 WIB","*Please note, the sender's email address has not been verified.



this is what I was talking about today!!!



 
********************
 
If you are h...",2097508,,"\\Top of Personal Folders\Inbox","359e8ff9-81dc-4741-a919-8c36ab29ac0c",nps-2008-jean.E01,"alison@m57.biz; jean@m57.biz"
outlook.pst,"Google Alerts <googlealerts-noreply@google.com>","Click to confirm your Google Alert","2008-07-06 14:56:41 WIB","Google received a request to start sending Alerts for the search
[ skin in the ... ] to jean@m57.biz.

Verify this Google Alert request:
http://www.google.c...",2097540,,"\\Top of Personal Folders\Inbox","1a761d6a-4efb-4122-a143-963fefa582c4",nps-2008-jean.E01,jean@m57.biz
outlook.pst,"Google Alerts <googlealerts-noreply@google.com>","Click to confirm your Google Alert","2008-07-06 14:56:53 WIB","Google received a request to start sending Alerts for the search
[ m57. biz ] to jean@m57.biz.

Verify this Google Alert request:
http://www.google.com/aler...",2097572,,"\\Top of Personal Folders\Inbox","1ad0f7a9-9302-4dd1-bd02-b039008ccbfb",nps-2008-jean.E01,jean@m57.biz
outlook.pst,"accounts-noreply@google.com <accounts-noreply@google.com>","Google Email Verification","2008-07-06 14:58:25 WIB","Welcome to Google Accounts.  To activate your account and verify your e-mail
address, please click on the following link:

http://www.google.com/accounts/VE?...",2097604,,"\\Top of Personal Folders\Inbox","d625db5a-ec5f-4dd9-898c-f4fcfee5d369",nps-2008-jean.E01,jean@m57.biz
outlook.pst,"NPR Accounts <npr-accounts@npr.org>","Activate Your Account","2008-07-06 14:59:49 WIB","Thank you for registering for an account with NPR.org.

Click to activate your account:
http://www.npr.org/templates/reg/activate-account-email-submit.php?pu...",2097636,,"\\Top of Personal Folders\Inbox","2f27af31-09de-4105-82d5-306906aa7c85",nps-2008-jean.E01,jean@m57.biz
outlook.pst,"Google Alerts <googlealerts-noreply@google.com>","Google Alert - skin in the office","2008-07-06 15:00:35 WIB",,2097700,,"\\Top of Personal Folders\Inbox","05f6cdbe-b734-41a3-a591-b3d3d4d45564",nps-2008-jean.E01,jean@m57.biz
outlook.pst,"Google Alerts <googlealerts-noreply@google.com>","Google Alert - skin in the office","2008-07-06 16:38:21 WIB",,2097732,,"\\Top of Personal Folders\Inbox","05f6cdbe-b734-41a3-a591-b3d3d4d45564",nps-2008-jean.E01,jean@m57.biz
outlook.pst,"Google Alerts <googlealerts-noreply@google.com>","Google Alert - skin in the office","2008-07-06 16:40:46 WIB",,2097764,,"\\Top of Personal Folders\Inbox","05f6cdbe-b734-41a3-a591-b3d3d4d45564",nps-2008-jean.E01,jean@m57.biz
outlook.pst,"Google Alerts <googlealerts-noreply@google.com>","Google Alert - skin in the office","2008-07-06 17:00:12 WIB",,2097796,,"\\Top of Personal Folders\Inbox","05f6cdbe-b734-41a3-a591-b3d3d4d45564",nps-2008-jean.E01,jean@m57.biz
outlook.pst,"Google Alerts <googlealerts-noreply@google.com>","Google Alert - skin in the office","2008-07-06 19:26:21 WIB",,2097828,,"\\Top of Personal Folders\Inbox","05f6cdbe-b734-41a3-a591-b3d3d4d45564",nps-2008-jean.E01,jean@m57.biz
outlook.pst,"Google Alerts <googlealerts-noreply@google.com>","Google Alert - skin in the office","2008-07-06 22:58:25 WIB",,2097860,,"\\Top of Personal Folders\Inbox","05f6cdbe-b734-41a3-a591-b3d3d4d45564",nps-2008-jean.E01,jean@m57.biz
outlook.pst,"Google Alerts <googlealerts-noreply@google.com>","Google Alert - skin in the office","2008-07-07 01:23:46 WIB",,2097892,,"\\Top of Personal Folders\Inbox","05f6cdbe-b734-41a3-a591-b3d3d4d45564",nps-2008-jean.E01,jean@m57.biz
outlook.pst,"AlisonM57 <alison@m57.biz>","business plan","2008-07-07 02:25:09 WIB","Say, Jean, how is the business plan coming along?

I know that today is a Sunday, but you need to have it done by Monday.
Please get on the ball.

Thanks.",2097924,,"\\Top of Personal Folders\Inbox","b94f8278-85b9-4d89-98e5-9f1f79c9c0d9",nps-2008-jean.E01,jean@m57.biz
outlook.pst,"AlisonM57 <alison@m57.biz>","RE: this is what I was talking about","2008-07-07 02:25:11 WIB","EMAIL THIS EmailJean,

Please do not send me links like this. I have no way of knowing if they are
from you or from some hacker.

Thanks.

Alison.

  -...",2097956,,"\\Top of Personal Folders\Inbox","359e8ff9-81dc-4741-a919-8c36ab29ac0c",nps-2008-jean.E01,jean@m57.biz
outlook.pst,"AlisonM57 <alison@m57.biz>","By the way...","2008-07-07 02:25:14 WIB","EMAIL THIS
Emailhttp://www.cnn.com/2008/LIVING/worklife/06/19/too.tattooed.to.work/
[AlisonM57]
Check this one out:



Looks like the woman we turned dow...",2097988,,"\\Top of Personal Folders\Inbox","359e8ff9-81dc-4741-a919-8c36ab29ac0c",nps-2008-jean.E01,jean@m57.biz
outlook.pst,"AlisonM57 <alison@m57.biz>","RE: This is what I was talking about","2008-07-07 02:28:48 WIB","Jean,

Please respond to my previous email.",2098020,,"\\Top of Personal Folders\Inbox","ec516792-2690-41f5-a779-5c431b4068f5",nps-2008-jean.E01,
outlook.pst,"Google Alerts <googlealerts-noreply@google.com>","Google Alert - skin in the office","2008-07-07 05:08:22 WIB",,2098052,,"\\Top of Personal Folders\Inbox","05f6cdbe-b734-41a3-a591-b3d3d4d45564",nps-2008-jean.E01,jean@m57.biz
outlook.pst,"Google Alerts <googlealerts-noreply@google.com>","Google Alert - skin in the office","2008-07-07 08:46:36 WIB",,2098084,,"\\Top of Personal Folders\Inbox","05f6cdbe-b734-41a3-a591-b3d3d4d45564",nps-2008-jean.E01,jean@m57.biz
outlook.pst,"Google Alerts <googlealerts-noreply@google.com>","Google Alert - skin in the office","2008-07-07 09:11:34 WIB",,2098116,,"\\Top of Personal Folders\Inbox","05f6cdbe-b734-41a3-a591-b3d3d4d45564",nps-2008-jean.E01,jean@m57.biz
outlook.pst,"Google Alerts <googlealerts-noreply@google.com>","Google Alert - skin in the office","2008-07-07 10:03:23 WIB",,2098148,,"\\Top of Personal Folders\Inbox","05f6cdbe-b734-41a3-a591-b3d3d4d45564",nps-2008-jean.E01,jean@m57.biz
outlook.pst,"Google Alerts <googlealerts-noreply@google.com>","Google Alert - skin in the office","2008-07-07 11:13:52 WIB",,2098180,,"\\Top of Personal Folders\Inbox","05f6cdbe-b734-41a3-a591-b3d3d4d45564",nps-2008-jean.E01,jean@m57.biz
outlook.pst,"Google Alerts <googlealerts-noreply@google.com>","Google Alert - skin in the office","2008-07-07 12:27:33 WIB",,2098596,,"\\Top of Personal Folders\Inbox","05f6cdbe-b734-41a3-a591-b3d3d4d45564",nps-2008-jean.E01,jean@m57.biz
outlook.pst,"admin@associatedcontent.com <admin@associatedcontent.com>","REMINDER FROM ASSOCIATEDCONTENT.COM","2008-07-07 12:28:27 WIB",,2098628,,"\\Top of Personal Folders\Inbox","7c84ab11-28be-4079-b92e-396e309baa56",nps-2008-jean.E01,jean@m57.biz
outlook.pst,"Google Alerts <googlealerts-noreply@google.com>","Google Alert - skin in the office","2008-07-07 14:04:05 WIB",,2098660,,"\\Top of Personal Folders\Inbox","05f6cdbe-b734-41a3-a591-b3d3d4d45564",nps-2008-jean.E01,jean@m57.biz
outlook.pst,"Google Alerts <googlealerts-noreply@google.com>","Google Alert - skin in the office","2008-07-07 14:53:49 WIB",,2098692,,"\\Top of Personal Folders\Inbox","05f6cdbe-b734-41a3-a591-b3d3d4d45564",nps-2008-jean.E01,jean@m57.biz
outlook.pst,"Google Alerts <googlealerts-noreply@google.com>","Google Alert - skin in the office","2008-07-07 15:18:12 WIB",,2098724,,"\\Top of Personal Folders\Inbox","05f6cdbe-b734-41a3-a591-b3d3d4d45564",nps-2008-jean.E01,jean@m57.biz
outlook.pst,"Google Alerts <googlealerts-noreply@google.com>","Google Alert - skin in the office","2008-07-07 15:39:19 WIB",,2098756,,"\\Top of Personal Folders\Inbox","05f6cdbe-b734-41a3-a591-b3d3d4d45564",nps-2008-jean.E01,jean@m57.biz
outlook.pst,"Google Alerts <googlealerts-noreply@google.com>","Google Alert - skin in the office","2008-07-07 22:36:50 WIB",,2098788,,"\\Top of Personal Folders\Inbox","05f6cdbe-b734-41a3-a591-b3d3d4d45564",nps-2008-jean.E01,jean@m57.biz
outlook.pst,"Google Alerts <googlealerts-noreply@google.com>","Google Alert - skin in the office","2008-07-08 00:50:27 WIB",,2098820,,"\\Top of Personal Folders\Inbox","05f6cdbe-b734-41a3-a591-b3d3d4d45564",nps-2008-jean.E01,jean@m57.biz
outlook.pst,"NPR Song of the Day <newsletters@n.npr.org>","Hear Wolf Parade's ""California Dreamer""","2008-07-08 02:06:48 WIB",,2098852,,"\\Top of Personal Folders\Inbox","8fcb6372-8b1b-441e-af9a-3671a36ec015",nps-2008-jean.E01,jean@m57.biz
outlook.pst,"NPR Music Notes <newsletters@n.npr.org>","Summer Music Preview","2008-07-08 02:17:47 WIB",,2098884,,"\\Top of Personal Folders\Inbox","04c8fd24-0d2d-495f-a207-77d6c5a4ff64",nps-2008-jean.E01,jean@m57.biz
outlook.pst,"Google Alerts <googlealerts-noreply@google.com>","Google Alert - skin in the office","2008-07-08 02:39:21 WIB",,2098916,,"\\Top of Personal Folders\Inbox","05f6cdbe-b734-41a3-a591-b3d3d4d45564",nps-2008-jean.E01,jean@m57.biz
outlook.pst,"Google Alerts <googlealerts-noreply@google.com>","Google Alert - skin in the office","2008-07-08 03:14:41 WIB",,2098948,,"\\Top of Personal Folders\Inbox","05f6cdbe-b734-41a3-a591-b3d3d4d45564",nps-2008-jean.E01,jean@m57.biz
outlook.pst,"NPR's All Songs Considered <allsongs@n.npr.org>","The Best CDs of 2008 (So Far), Plus Fleet Foxes Live","2008-07-08 04:37:51 WIB",,2098980,,"\\Top of Personal Folders\Inbox","9481f5c1-b70b-428f-9ad8-887daaaf9b22",nps-2008-jean.E01,jean@m57.biz
outlook.pst,"NPR News & Notes <newsletters@n.npr.org>","Black Conservatives Conflicted Over Obama","2008-07-08 04:48:26 WIB",,2099012,,"\\Top of Personal Folders\Inbox","b198e1d1-1c54-4766-b41f-9dc5cb11bbab",nps-2008-jean.E01,jean@m57.biz
outlook.pst,"Google Alerts <googlealerts-noreply@google.com>","Google Alert - skin in the office","2008-07-08 06:35:25 WIB",,2099044,,"\\Top of Personal Folders\Inbox","05f6cdbe-b734-41a3-a591-b3d3d4d45564",nps-2008-jean.E01,jean@m57.biz
outlook.pst,"Google Alerts <googlealerts-noreply@google.com>","Google Alert - skin in the office","2008-07-08 14:32:29 WIB",,2099076,,"\\Top of Personal Folders\Inbox","05f6cdbe-b734-41a3-a591-b3d3d4d45564",nps-2008-jean.E01,jean@m57.biz
outlook.pst,"Google Alerts <googlealerts-noreply@google.com>","Google Alert - skin in the office","2008-07-08 16:40:51 WIB",,2099108,,"\\Top of Personal Folders\Inbox","05f6cdbe-b734-41a3-a591-b3d3d4d45564",nps-2008-jean.E01,jean@m57.biz
outlook.pst,"Google Alerts <googlealerts-noreply@google.com>","Google Alert - skin in the office","2008-07-08 17:19:41 WIB",,2099140,,"\\Top of Personal Folders\Inbox","05f6cdbe-b734-41a3-a591-b3d3d4d45564",nps-2008-jean.E01,jean@m57.biz
outlook.pst,"Google Alerts <googlealerts-noreply@google.com>","Google Alert - skin in the office","2008-07-08 19:44:05 WIB",,2099172,,"\\Top of Personal Folders\Inbox","05f6cdbe-b734-41a3-a591-b3d3d4d45564",nps-2008-jean.E01,jean@m57.biz
outlook.pst,"Google Alerts <googlealerts-noreply@google.com>","Google Alert - skin in the office","2008-07-08 19:56:36 WIB",,2099204,,"\\Top of Personal Folders\Inbox","05f6cdbe-b734-41a3-a591-b3d3d4d45564",nps-2008-jean.E01,jean@m57.biz
outlook.pst,"Google Alerts <googlealerts-noreply@google.com>","Google Alert - skin in the office","2008-07-08 20:40:04 WIB",,2099236,,"\\Top of Personal Folders\Inbox","05f6cdbe-b734-41a3-a591-b3d3d4d45564",nps-2008-jean.E01,jean@m57.biz
outlook.pst,"Google Alerts <googlealerts-noreply@google.com>","Google Alert - skin in the office","2008-07-08 23:12:41 WIB",,2099268,,"\\Top of Personal Folders\Inbox","05f6cdbe-b734-41a3-a591-b3d3d4d45564",nps-2008-jean.E01,jean@m57.biz
outlook.pst,"Google Alerts <googlealerts-noreply@google.com>","Google Alert - skin in the office","2008-07-09 00:03:46 WIB",,2099300,,"\\Top of Personal Folders\Inbox","05f6cdbe-b734-41a3-a591-b3d3d4d45564",nps-2008-jean.E01,jean@m57.biz
outlook.pst,"NPR Song of the Day <newsletters@n.npr.org>","Hear Sloan's ""Believe In Me""","2008-07-09 00:35:47 WIB",,2099332,,"\\Top of Personal Folders\Inbox","b81e99b7-1152-4546-9aca-310a4d3301d2",nps-2008-jean.E01,jean@m57.biz
outlook.pst,"NPR News & Notes <newsletters@n.npr.org>","Hill Harper, Gabrielle Union On Mentoring Young Girls","2008-07-09 04:12:40 WIB",,2099364,,"\\Top of Personal Folders\Inbox","86837286-932d-4027-bd30-059150824c4f",nps-2008-jean.E01,jean@m57.biz
outlook.pst,"Google Alerts <googlealerts-noreply@google.com>","Google Alert - skin in the office","2008-07-09 06:42:33 WIB",,2099396,,"\\Top of Personal Folders\Inbox","05f6cdbe-b734-41a3-a591-b3d3d4d45564",nps-2008-jean.E01,jean@m57.biz
outlook.pst,"Google Alerts <googlealerts-noreply@google.com>","Google Alert - skin in the office","2008-07-09 07:45:50 WIB",,2099428,,"\\Top of Personal Folders\Inbox","05f6cdbe-b734-41a3-a591-b3d3d4d45564",nps-2008-jean.E01,jean@m57.biz
outlook.pst,"Google Alerts <googlealerts-noreply@google.com>","Google Alert - skin in the office","2008-07-09 10:53:37 WIB",,2099460,,"\\Top of Personal Folders\Inbox","05f6cdbe-b734-41a3-a591-b3d3d4d45564",nps-2008-jean.E01,jean@m57.biz
outlook.pst,"Google Alerts <googlealerts-noreply@google.com>","Google Alert - skin in the office","2008-07-09 13:52:55 WIB",,2099492,,"\\Top of Personal Folders\Inbox","05f6cdbe-b734-41a3-a591-b3d3d4d45564",nps-2008-jean.E01,jean@m57.biz
outlook.pst,"Google Alerts <googlealerts-noreply@google.com>","Google Alert - skin in the office","2008-07-09 15:14:52 WIB",,2099524,,"\\Top of Personal Folders\Inbox","05f6cdbe-b734-41a3-a591-b3d3d4d45564",nps-2008-jean.E01,jean@m57.biz
outlook.pst,"Google Alerts <googlealerts-noreply@google.com>","Google Alert - skin in the office","2008-07-09 17:35:58 WIB",,2099556,,"\\Top of Personal Folders\Inbox","05f6cdbe-b734-41a3-a591-b3d3d4d45564",nps-2008-jean.E01,jean@m57.biz
outlook.pst,"Google Alerts <googlealerts-noreply@google.com>","Google Alert - skin in the office","2008-07-09 19:34:09 WIB",,2099588,,"\\Top of Personal Folders\Inbox","05f6cdbe-b734-41a3-a591-b3d3d4d45564",nps-2008-jean.E01,jean@m57.biz
outlook.pst,"Google Alerts <googlealerts-noreply@google.com>","Google Alert - skin in the office","2008-07-09 20:34:16 WIB",,2099620,,"\\Top of Personal Folders\Inbox","05f6cdbe-b734-41a3-a591-b3d3d4d45564",nps-2008-jean.E01,jean@m57.biz
outlook.pst,"Google Alerts <googlealerts-noreply@google.com>","Google Alert - skin in the office","2008-07-09 22:02:46 WIB",,2099652,,"\\Top of Personal Folders\Inbox","05f6cdbe-b734-41a3-a591-b3d3d4d45564",nps-2008-jean.E01,jean@m57.biz
outlook.pst,"NPR Song of the Day <newsletters@n.npr.org>","Hear Paul Bley Trio's ""Ida Lupino""","2008-07-09 23:36:08 WIB",,2099684,,"\\Top of Personal Folders\Inbox","da6c2e17-9bff-434b-9cb4-c60f69a2259d",nps-2008-jean.E01,jean@m57.biz
outlook.pst,"Google Alerts <googlealerts-noreply@google.com>","Google Alert - skin in the office","2008-07-10 02:08:23 WIB",,2099716,,"\\Top of Personal Folders\Inbox","05f6cdbe-b734-41a3-a591-b3d3d4d45564",nps-2008-jean.E01,jean@m57.biz
outlook.pst,"Google Alerts <googlealerts-noreply@google.com>","Google Alert - skin in the office","2008-07-10 03:14:24 WIB",,2099748,,"\\Top of Personal Folders\Inbox","05f6cdbe-b734-41a3-a591-b3d3d4d45564",nps-2008-jean.E01,jean@m57.biz
outlook.pst,"NPR News & Notes <newsletters@n.npr.org>","Rebecca Walker Explains Rift With Mother, Alice","2008-07-10 05:29:08 WIB",,2099780,,"\\Top of Personal Folders\Inbox","833c61ec-62d3-4556-8467-215046617600",nps-2008-jean.E01,jean@m57.biz
outlook.pst,"Google Alerts <googlealerts-noreply@google.com>","Google Alert - skin in the office","2008-07-10 05:50:47 WIB",,2099812,,"\\Top of Personal Folders\Inbox","05f6cdbe-b734-41a3-a591-b3d3d4d45564",nps-2008-jean.E01,jean@m57.biz
outlook.pst,"Google Alerts <googlealerts-noreply@google.com>","Google Alert - skin in the office","2008-07-10 07:25:15 WIB",,2099844,,"\\Top of Personal Folders\Inbox","05f6cdbe-b734-41a3-a591-b3d3d4d45564",nps-2008-jean.E01,jean@m57.biz
outlook.pst,"Google Alerts <googlealerts-noreply@google.com>","Google Alert - skin in the office","2008-07-10 08:05:40 WIB",,2099876,,"\\Top of Personal Folders\Inbox","05f6cdbe-b734-41a3-a591-b3d3d4d45564",nps-2008-jean.E01,jean@m57.biz
outlook.pst,"Google Alerts <googlealerts-noreply@google.com>","Google Alert - skin in the office","2008-07-10 14:51:04 WIB",,2099908,,"\\Top of Personal Folders\Inbox","05f6cdbe-b734-41a3-a591-b3d3d4d45564",nps-2008-jean.E01,jean@m57.biz
outlook.pst,"Google Alerts <googlealerts-noreply@google.com>","Google Alert - skin in the office","2008-07-10 16:41:07 WIB",,2099940,,"\\Top of Personal Folders\Inbox","05f6cdbe-b734-41a3-a591-b3d3d4d45564",nps-2008-jean.E01,jean@m57.biz
outlook.pst,"Google Alerts <googlealerts-noreply@google.com>","Google Alert - skin in the office","2008-07-10 18:46:59 WIB",,2099972,,"\\Top of Personal Folders\Inbox","05f6cdbe-b734-41a3-a591-b3d3d4d45564",nps-2008-jean.E01,jean@m57.biz
outlook.pst,"Google Alerts <googlealerts-noreply@google.com>","Google Alert - skin in the office","2008-07-10 21:46:06 WIB",,2100004,,"\\Top of Personal Folders\Inbox","05f6cdbe-b734-41a3-a591-b3d3d4d45564",nps-2008-jean.E01,jean@m57.biz
outlook.pst,"Google Alerts <googlealerts-noreply@google.com>","Google Alert - skin in the office","2008-07-10 22:44:31 WIB",,2100036,,"\\Top of Personal Folders\Inbox","05f6cdbe-b734-41a3-a591-b3d3d4d45564",nps-2008-jean.E01,jean@m57.biz
outlook.pst,"Google Alerts <googlealerts-noreply@google.com>","Google Alert - skin in the office","2008-07-10 23:23:33 WIB",,2100068,,"\\Top of Personal Folders\Inbox","05f6cdbe-b734-41a3-a591-b3d3d4d45564",nps-2008-jean.E01,jean@m57.biz
outlook.pst,"Google Alerts <googlealerts-noreply@google.com>","Google Alert - skin in the office","2008-07-11 00:25:55 WIB",,2100100,,"\\Top of Personal Folders\Inbox","05f6cdbe-b734-41a3-a591-b3d3d4d45564",nps-2008-jean.E01,jean@m57.biz
outlook.pst,"Google Alerts <googlealerts-noreply@google.com>","Google Alert - skin in the office","2008-07-11 00:45:10 WIB",,2100132,,"\\Top of Personal Folders\Inbox","05f6cdbe-b734-41a3-a591-b3d3d4d45564",nps-2008-jean.E01,jean@m57.biz
outlook.pst,"NPR Song of the Day <newsletters@n.npr.org>","Hear Josh Fix's ""Free at Last""","2008-07-11 01:42:19 WIB",,2100164,,"\\Top of Personal Folders\Inbox","cc30ed73-f69e-4cdc-a84d-7313ed3049ef",nps-2008-jean.E01,jean@m57.biz
outlook.pst,"Google Alerts <googlealerts-noreply@google.com>","Google Alert - skin in the office","2008-07-11 02:58:04 WIB",,2100196,,"\\Top of Personal Folders\Inbox","05f6cdbe-b734-41a3-a591-b3d3d4d45564",nps-2008-jean.E01,jean@m57.biz
outlook.pst,"Google Alerts <googlealerts-noreply@google.com>","Google Alert - skin in the office","2008-07-11 03:44:56 WIB",,2100228,,"\\Top of Personal Folders\Inbox","05f6cdbe-b734-41a3-a591-b3d3d4d45564",nps-2008-jean.E01,jean@m57.biz
outlook.pst,"NPR News & Notes <newsletters@n.npr.org>","Farai Chideya Interviews Jesse Jackson","2008-07-11 05:01:41 WIB",,2100260,,"\\Top of Personal Folders\Inbox","537e8b33-2ea5-4a93-853c-a7a6be8782d6",nps-2008-jean.E01,jean@m57.biz
outlook.pst,"Google Alerts <googlealerts-noreply@google.com>","Google Alert - skin in the office","2008-07-11 05:03:58 WIB",,2100292,,"\\Top of Personal Folders\Inbox","05f6cdbe-b734-41a3-a591-b3d3d4d45564",nps-2008-jean.E01,jean@m57.biz
outlook.pst,"Google Alerts <googlealerts-noreply@google.com>","Google Alert - skin in the office","2008-07-11 05:28:30 WIB",,2100324,,"\\Top of Personal Folders\Inbox","05f6cdbe-b734-41a3-a591-b3d3d4d45564",nps-2008-jean.E01,jean@m57.biz
outlook.pst,"Google Alerts <googlealerts-noreply@google.com>","Google Alert - skin in the office","2008-07-11 07:50:30 WIB",,2100356,,"\\Top of Personal Folders\Inbox","05f6cdbe-b734-41a3-a591-b3d3d4d45564",nps-2008-jean.E01,jean@m57.biz
outlook.pst,"Google Alerts <googlealerts-noreply@google.com>","Google Alert - skin in the office","2008-07-11 11:04:48 WIB",,2100388,,"\\Top of Personal Folders\Inbox","05f6cdbe-b734-41a3-a591-b3d3d4d45564",nps-2008-jean.E01,jean@m57.biz
outlook.pst,"Google Alerts <googlealerts-noreply@google.com>","Google Alert - skin in the office","2008-07-11 11:16:41 WIB",,2100420,,"\\Top of Personal Folders\Inbox","05f6cdbe-b734-41a3-a591-b3d3d4d45564",nps-2008-jean.E01,jean@m57.biz
outlook.pst,"Google Alerts <googlealerts-noreply@google.com>","Google Alert - skin in the office","2008-07-11 12:02:31 WIB",,2100516,,"\\Top of Personal Folders\Inbox","05f6cdbe-b734-41a3-a591-b3d3d4d45564",nps-2008-jean.E01,jean@m57.biz
outlook.pst,"Google Alerts <googlealerts-noreply@google.com>","Google Alert - skin in the office","2008-07-11 12:56:43 WIB",,2100548,,"\\Top of Personal Folders\Inbox","05f6cdbe-b734-41a3-a591-b3d3d4d45564",nps-2008-jean.E01,jean@m57.biz
outlook.pst,"NPR Movie Notes <newsletters@n.npr.org>","Hellboy's Back","2008-07-11 18:04:39 WIB",,2100580,,"\\Top of Personal Folders\Inbox","2083b49d-fa51-45be-b7cc-6c13101b5bd9",nps-2008-jean.E01,jean@m57.biz
outlook.pst,"Google Alerts <googlealerts-noreply@google.com>","Google Alert - skin in the office","2008-07-11 18:57:53 WIB",,2100612,,"\\Top of Personal Folders\Inbox","05f6cdbe-b734-41a3-a591-b3d3d4d45564",nps-2008-jean.E01,jean@m57.biz
outlook.pst,"Google Alerts <googlealerts-noreply@google.com>","Google Alert - skin in the office","2008-07-11 19:07:18 WIB",,2100644,,"\\Top of Personal Folders\Inbox","05f6cdbe-b734-41a3-a591-b3d3d4d45564",nps-2008-jean.E01,jean@m57.biz
outlook.pst,"Google Alerts <googlealerts-noreply@google.com>","Google Alert - skin in the office","2008-07-11 21:33:16 WIB",,2100676,,"\\Top of Personal Folders\Inbox","05f6cdbe-b734-41a3-a591-b3d3d4d45564",nps-2008-jean.E01,jean@m57.biz
outlook.pst,"Google Alerts <googlealerts-noreply@google.com>","Google Alert - skin in the office","2008-07-11 23:56:50 WIB",,2100708,,"\\Top of Personal Folders\Inbox","05f6cdbe-b734-41a3-a591-b3d3d4d45564",nps-2008-jean.E01,jean@m57.biz
outlook.pst,"Google Alerts <googlealerts-noreply@google.com>","Google Alert - skin in the office","2008-07-12 01:07:19 WIB",,2100740,,"\\Top of Personal Folders\Inbox","05f6cdbe-b734-41a3-a591-b3d3d4d45564",nps-2008-jean.E01,jean@m57.biz
outlook.pst,"NPR Song of the Day <newsletters@n.npr.org>","Hear Wale's ""Nike Boots""","2008-07-12 02:23:36 WIB",,2100772,,"\\Top of Personal Folders\Inbox","3457ac9c-1085-43b1-b887-dd4aa8409c12",nps-2008-jean.E01,jean@m57.biz
outlook.pst,"Google Alerts <googlealerts-noreply@google.com>","Google Alert - skin in the office","2008-07-12 04:45:26 WIB",,2100804,,"\\Top of Personal Folders\Inbox","05f6cdbe-b734-41a3-a591-b3d3d4d45564",nps-2008-jean.E01,jean@m57.biz
outlook.pst,"Google Alerts <googlealerts-noreply@google.com>","Google Alert - skin in the office","2008-07-12 04:49:15 WIB",,2100836,,"\\Top of Personal Folders\Inbox","05f6cdbe-b734-41a3-a591-b3d3d4d45564",nps-2008-jean.E01,jean@m57.biz
outlook.pst,"NPR News & Notes <newsletters@n.npr.org>","Inside New Orleans Jazz","2008-07-12 05:58:57 WIB",,2100868,,"\\Top of Personal Folders\Inbox","f39fbe4a-438a-4b6b-b9a2-411d37449d80",nps-2008-jean.E01,jean@m57.biz
outlook.pst,"Google Alerts <googlealerts-noreply@google.com>","Google Alert - skin in the office","2008-07-12 07:58:04 WIB",,2100900,,"\\Top of Personal Folders\Inbox","05f6cdbe-b734-41a3-a591-b3d3d4d45564",nps-2008-jean.E01,jean@m57.biz
outlook.pst,"Google Alerts <googlealerts-noreply@google.com>","Google Alert - skin in the office","2008-07-12 08:13:03 WIB",,2100932,,"\\Top of Personal Folders\Inbox","05f6cdbe-b734-41a3-a591-b3d3d4d45564",nps-2008-jean.E01,jean@m57.biz
outlook.pst,"Google Alerts <googlealerts-noreply@google.com>","Google Alert - skin in the office","2008-07-12 08:44:29 WIB",,2100964,,"\\Top of Personal Folders\Inbox","05f6cdbe-b734-41a3-a591-b3d3d4d45564",nps-2008-jean.E01,jean@m57.biz
outlook.pst,"Google Alerts <googlealerts-noreply@google.com>","Google Alert - skin in the office","2008-07-12 11:53:35 WIB",,2100996,,"\\Top of Personal Folders\Inbox","05f6cdbe-b734-41a3-a591-b3d3d4d45564",nps-2008-jean.E01,jean@m57.biz
outlook.pst,"Google Alerts <googlealerts-noreply@google.com>","Google Alert - skin in the office","2008-07-12 14:03:03 WIB",,2101028,,"\\Top of Personal Folders\Inbox","05f6cdbe-b734-41a3-a591-b3d3d4d45564",nps-2008-jean.E01,jean@m57.biz
outlook.pst,"Google Alerts <googlealerts-noreply@google.com>","Google Alert - skin in the office","2008-07-12 17:11:39 WIB",,2101060,,"\\Top of Personal Folders\Inbox","05f6cdbe-b734-41a3-a591-b3d3d4d45564",nps-2008-jean.E01,jean@m57.biz
outlook.pst,"Google Alerts <googlealerts-noreply@google.com>","Google Alert - skin in the office","2008-07-12 20:28:26 WIB",,2101092,,"\\Top of Personal Folders\Inbox","05f6cdbe-b734-41a3-a591-b3d3d4d45564",nps-2008-jean.E01,jean@m57.biz
outlook.pst,"Google Alerts <googlealerts-noreply@google.com>","Google Alert - skin in the office","2008-07-12 21:08:28 WIB",,2101124,,"\\Top of Personal Folders\Inbox","05f6cdbe-b734-41a3-a591-b3d3d4d45564",nps-2008-jean.E01,jean@m57.biz
outlook.pst,"Google Alerts <googlealerts-noreply@google.com>","Google Alert - skin in the office","2008-07-13 00:38:14 WIB",,2101156,,"\\Top of Personal Folders\Inbox","05f6cdbe-b734-41a3-a591-b3d3d4d45564",nps-2008-jean.E01,jean@m57.biz
outlook.pst,"Google Alerts <googlealerts-noreply@google.com>","Google Alert - skin in the office","2008-07-13 01:10:33 WIB",,2101188,,"\\Top of Personal Folders\Inbox","05f6cdbe-b734-41a3-a591-b3d3d4d45564",nps-2008-jean.E01,jean@m57.biz
outlook.pst,"Google Alerts <googlealerts-noreply@google.com>","Google Alert - skin in the office","2008-07-13 02:45:25 WIB",,2101220,,"\\Top of Personal Folders\Inbox","05f6cdbe-b734-41a3-a591-b3d3d4d45564",nps-2008-jean.E01,jean@m57.biz
outlook.pst,"Google Alerts <googlealerts-noreply@google.com>","Google Alert - skin in the office","2008-07-13 05:08:29 WIB",,2101252,,"\\Top of Personal Folders\Inbox","05f6cdbe-b734-41a3-a591-b3d3d4d45564",nps-2008-jean.E01,jean@m57.biz
outlook.pst,"Google Alerts <googlealerts-noreply@google.com>","Google Alert - skin in the office","2008-07-13 05:26:37 WIB",,2101284,,"\\Top of Personal Folders\Inbox","05f6cdbe-b734-41a3-a591-b3d3d4d45564",nps-2008-jean.E01,jean@m57.biz
outlook.pst,"Google Alerts <googlealerts-noreply@google.com>","Google Alert - skin in the office","2008-07-13 06:01:23 WIB",,2101316,,"\\Top of Personal Folders\Inbox","05f6cdbe-b734-41a3-a591-b3d3d4d45564",nps-2008-jean.E01,jean@m57.biz
outlook.pst,"Google Alerts <googlealerts-noreply@google.com>","Google Alert - skin in the office","2008-07-13 15:38:00 WIB",,2101348,,"\\Top of Personal Folders\Inbox","05f6cdbe-b734-41a3-a591-b3d3d4d45564",nps-2008-jean.E01,jean@m57.biz
outlook.pst,"Google Alerts <googlealerts-noreply@google.com>","Google Alert - skin in the office","2008-07-13 17:20:19 WIB",,2101380,,"\\Top of Personal Folders\Inbox","05f6cdbe-b734-41a3-a591-b3d3d4d45564",nps-2008-jean.E01,jean@m57.biz
outlook.pst,"NPR Book Notes <newsletters@n.npr.org>","The Best of Summer Books","2008-07-13 18:06:16 WIB",,2101412,,"\\Top of Personal Folders\Inbox","8241ddb7-0e03-42bf-8331-cbc254741882",nps-2008-jean.E01,jean@m57.biz
outlook.pst,"Google Alerts <googlealerts-noreply@google.com>","Google Alert - skin in the office","2008-07-13 18:12:06 WIB",,2101444,,"\\Top of Personal Folders\Inbox","05f6cdbe-b734-41a3-a591-b3d3d4d45564",nps-2008-jean.E01,jean@m57.biz
outlook.pst,"NPR Music Notes <newsletters@n.npr.org>","Wynton Marsalis and Willie Nelson Playing the Blues","2008-07-13 18:21:07 WIB",,2101476,,"\\Top of Personal Folders\Inbox","9acce80a-6ef6-428f-8d34-924fd560b17c",nps-2008-jean.E01,jean@m57.biz
outlook.pst,"Google Alerts <googlealerts-noreply@google.com>","Google Alert - skin in the office","2008-07-13 19:06:51 WIB",,2101508,,"\\Top of Personal Folders\Inbox","05f6cdbe-b734-41a3-a591-b3d3d4d45564",nps-2008-jean.E01,jean@m57.biz
outlook.pst,"Google Alerts <googlealerts-noreply@google.com>","Google Alert - skin in the office","2008-07-13 20:14:32 WIB",,2101540,,"\\Top of Personal Folders\Inbox","05f6cdbe-b734-41a3-a591-b3d3d4d45564",nps-2008-jean.E01,jean@m57.biz
outlook.pst,"Google Alerts <googlealerts-noreply@google.com>","Google Alert - skin in the office","2008-07-14 00:10:13 WIB",,2101572,,"\\Top of Personal Folders\Inbox","05f6cdbe-b734-41a3-a591-b3d3d4d45564",nps-2008-jean.E01,jean@m57.biz
outlook.pst,"Google Alerts <googlealerts-noreply@google.com>","Google Alert - skin in the office","2008-07-14 04:10:17 WIB",,2101604,,"\\Top of Personal Folders\Inbox","05f6cdbe-b734-41a3-a591-b3d3d4d45564",nps-2008-jean.E01,jean@m57.biz
outlook.pst,"Google Alerts <googlealerts-noreply@google.com>","Google Alert - skin in the office","2008-07-14 05:10:16 WIB",,2101636,,"\\Top of Personal Folders\Inbox","05f6cdbe-b734-41a3-a591-b3d3d4d45564",nps-2008-jean.E01,jean@m57.biz
outlook.pst,"Google Alerts <googlealerts-noreply@google.com>","Google Alert - skin in the office","2008-07-14 06:33:07 WIB",,2101668,,"\\Top of Personal Folders\Inbox","05f6cdbe-b734-41a3-a591-b3d3d4d45564",nps-2008-jean.E01,jean@m57.biz
outlook.pst,"Google Alerts <googlealerts-noreply@google.com>","Google Alert - skin in the office","2008-07-14 09:25:31 WIB",,2101700,,"\\Top of Personal Folders\Inbox","05f6cdbe-b734-41a3-a591-b3d3d4d45564",nps-2008-jean.E01,jean@m57.biz
outlook.pst,"Google Alerts <googlealerts-noreply@google.com>","Google Alert - skin in the office","2008-07-14 11:24:36 WIB",,2101732,,"\\Top of Personal Folders\Inbox","05f6cdbe-b734-41a3-a591-b3d3d4d45564",nps-2008-jean.E01,jean@m57.biz
outlook.pst,"Google Alerts <googlealerts-noreply@google.com>","Google Alert - skin in the office","2008-07-14 12:11:31 WIB",,2101764,,"\\Top of Personal Folders\Inbox","05f6cdbe-b734-41a3-a591-b3d3d4d45564",nps-2008-jean.E01,jean@m57.biz
outlook.pst,"Google Alerts <googlealerts-noreply@google.com>","Google Alert - skin in the office","2008-07-14 12:39:19 WIB",,2101796,,"\\Top of Personal Folders\Inbox","05f6cdbe-b734-41a3-a591-b3d3d4d45564",nps-2008-jean.E01,jean@m57.biz
outlook.pst,"Google Alerts <googlealerts-noreply@google.com>","Google Alert - skin in the office","2008-07-14 13:01:11 WIB",,2101828,,"\\Top of Personal Folders\Inbox","05f6cdbe-b734-41a3-a591-b3d3d4d45564",nps-2008-jean.E01,jean@m57.biz
outlook.pst,"Google Alerts <googlealerts-noreply@google.com>","Google Alert - skin in the office","2008-07-14 15:59:57 WIB",,2101860,,"\\Top of Personal Folders\Inbox","05f6cdbe-b734-41a3-a591-b3d3d4d45564",nps-2008-jean.E01,jean@m57.biz
outlook.pst,"Google Alerts <googlealerts-noreply@google.com>","Google Alert - skin in the office","2008-07-14 18:45:59 WIB",,2101892,,"\\Top of Personal Folders\Inbox","05f6cdbe-b734-41a3-a591-b3d3d4d45564",nps-2008-jean.E01,jean@m57.biz
outlook.pst,"Google Alerts <googlealerts-noreply@google.com>","Google Alert - skin in the office","2008-07-14 21:10:40 WIB",,2101924,,"\\Top of Personal Folders\Inbox","05f6cdbe-b734-41a3-a591-b3d3d4d45564",nps-2008-jean.E01,jean@m57.biz
outlook.pst,"Google Alerts <googlealerts-noreply@google.com>","Google Alert - skin in the office","2008-07-14 21:27:44 WIB",,2101956,,"\\Top of Personal Folders\Inbox","05f6cdbe-b734-41a3-a591-b3d3d4d45564",nps-2008-jean.E01,jean@m57.biz
outlook.pst,"NPR Song of the Day <newsletters@n.npr.org>","Hear Sebadoh's ""Soul and Fire""","2008-07-14 23:13:32 WIB",,2101988,,"\\Top of Personal Folders\Inbox","2add58c6-bcbb-411e-90ca-4d5c62a43470",nps-2008-jean.E01,jean@m57.biz
outlook.pst,"NPR's All Songs Considered <allsongs@n.npr.org>","The Best CDs of 2008 (So Far), Plus Fleet Foxes Live","2008-07-15 00:51:48 WIB",,2102020,,"\\Top of Personal Folders\Inbox","9481f5c1-b70b-428f-9ad8-887daaaf9b22",nps-2008-jean.E01,jean@m57.biz
outlook.pst,"Google Alerts <googlealerts-noreply@google.com>","Google Alert - skin in the office","2008-07-15 01:46:54 WIB",,2102052,,"\\Top of Personal Folders\Inbox","05f6cdbe-b734-41a3-a591-b3d3d4d45564",nps-2008-jean.E01,jean@m57.biz
outlook.pst,"Google Alerts <googlealerts-noreply@google.com>","Google Alert - skin in the office","2008-07-15 02:24:29 WIB",,2102084,,"\\Top of Personal Folders\Inbox","05f6cdbe-b734-41a3-a591-b3d3d4d45564",nps-2008-jean.E01,jean@m57.biz
outlook.pst,"Google Alerts <googlealerts-noreply@google.com>","Google Alert - skin in the office","2008-07-15 03:56:46 WIB",,2102116,,"\\Top of Personal Folders\Inbox","05f6cdbe-b734-41a3-a591-b3d3d4d45564",nps-2008-jean.E01,jean@m57.biz
outlook.pst,"Google Alerts <googlealerts-noreply@google.com>","Google Alert - skin in the office","2008-07-15 04:24:16 WIB",,2102148,,"\\Top of Personal Folders\Inbox","05f6cdbe-b734-41a3-a591-b3d3d4d45564",nps-2008-jean.E01,jean@m57.biz
outlook.pst,"Google Alerts <googlealerts-noreply@google.com>","Google Alert - skin in the office","2008-07-15 05:43:58 WIB",,2102180,,"\\Top of Personal Folders\Inbox","05f6cdbe-b734-41a3-a591-b3d3d4d45564",nps-2008-jean.E01,jean@m57.biz
outlook.pst,"Google Alerts <googlealerts-noreply@google.com>","Google Alert - skin in the office","2008-07-15 06:42:44 WIB",,2102212,,"\\Top of Personal Folders\Inbox","05f6cdbe-b734-41a3-a591-b3d3d4d45564",nps-2008-jean.E01,jean@m57.biz
outlook.pst,"Google Alerts <googlealerts-noreply@google.com>","Google Alert - skin in the office","2008-07-15 07:31:15 WIB",,2102244,,"\\Top of Personal Folders\Inbox","05f6cdbe-b734-41a3-a591-b3d3d4d45564",nps-2008-jean.E01,jean@m57.biz
outlook.pst,"Google Alerts <googlealerts-noreply@google.com>","Google Alert - skin in the office","2008-07-15 11:06:24 WIB",,2102276,,"\\Top of Personal Folders\Inbox","05f6cdbe-b734-41a3-a591-b3d3d4d45564",nps-2008-jean.E01,jean@m57.biz
outlook.pst,"Google Alerts <googlealerts-noreply@google.com>","Google Alert - skin in the office","2008-07-15 13:11:18 WIB",,2102308,,"\\Top of Personal Folders\Inbox","05f6cdbe-b734-41a3-a591-b3d3d4d45564",nps-2008-jean.E01,jean@m57.biz
outlook.pst,"Google Alerts <googlealerts-noreply@google.com>","Google Alert - skin in the office","2008-07-15 13:31:04 WIB",,2102340,,"\\Top of Personal Folders\Inbox","05f6cdbe-b734-41a3-a591-b3d3d4d45564",nps-2008-jean.E01,jean@m57.biz
outlook.pst,"Google Alerts <googlealerts-noreply@google.com>","Google Alert - skin in the office","2008-07-15 13:57:28 WIB",,2102372,,"\\Top of Personal Folders\Inbox","05f6cdbe-b734-41a3-a591-b3d3d4d45564",nps-2008-jean.E01,jean@m57.biz
outlook.pst,"Google Alerts <googlealerts-noreply@google.com>","Google Alert - skin in the office","2008-07-15 18:28:34 WIB",,2102404,,"\\Top of Personal Folders\Inbox","05f6cdbe-b734-41a3-a591-b3d3d4d45564",nps-2008-jean.E01,jean@m57.biz
outlook.pst,"Google Alerts <googlealerts-noreply@google.com>","Google Alert - skin in the office","2008-07-15 20:41:22 WIB",,2102436,,"\\Top of Personal Folders\Inbox","05f6cdbe-b734-41a3-a591-b3d3d4d45564",nps-2008-jean.E01,jean@m57.biz
outlook.pst,"Google Alerts <googlealerts-noreply@google.com>","Google Alert - skin in the office","2008-07-16 02:27:54 WIB",,2102468,,"\\Top of Personal Folders\Inbox","05f6cdbe-b734-41a3-a591-b3d3d4d45564",nps-2008-jean.E01,jean@m57.biz
outlook.pst,"Google Alerts <googlealerts-noreply@google.com>","Google Alert - skin in the office","2008-07-16 03:33:28 WIB",,2102500,,"\\Top of Personal Folders\Inbox","05f6cdbe-b734-41a3-a591-b3d3d4d45564",nps-2008-jean.E01,jean@m57.biz
outlook.pst,"Google Alerts <googlealerts-noreply@google.com>","Google Alert - skin in the office","2008-07-16 04:56:35 WIB",,2102532,,"\\Top of Personal Folders\Inbox","05f6cdbe-b734-41a3-a591-b3d3d4d45564",nps-2008-jean.E01,jean@m57.biz
outlook.pst,"NPR News & Notes <newsletters@n.npr.org>","Julian Bond Explains NAACP Power Transfer","2008-07-16 06:00:49 WIB",,2102564,,"\\Top of Personal Folders\Inbox","4c28bf77-9922-49c1-866f-37aadc9fff9f",nps-2008-jean.E01,jean@m57.biz
outlook.pst,"Google Alerts <googlealerts-noreply@google.com>","Google Alert - skin in the office","2008-07-16 07:27:43 WIB",,2102596,,"\\Top of Personal Folders\Inbox","05f6cdbe-b734-41a3-a591-b3d3d4d45564",nps-2008-jean.E01,jean@m57.biz
outlook.pst,"Google Alerts <googlealerts-noreply@google.com>","Google Alert - skin in the office","2008-07-16 07:47:10 WIB",,2102628,,"\\Top of Personal Folders\Inbox","05f6cdbe-b734-41a3-a591-b3d3d4d45564",nps-2008-jean.E01,jean@m57.biz
outlook.pst,"Google Alerts <googlealerts-noreply@google.com>","Google Alert - skin in the office","2008-07-16 08:09:36 WIB",,2102660,,"\\Top of Personal Folders\Inbox","05f6cdbe-b734-41a3-a591-b3d3d4d45564",nps-2008-jean.E01,jean@m57.biz
outlook.pst,"Google Alerts <googlealerts-noreply@google.com>","Google Alert - skin in the office","2008-07-16 09:05:48 WIB",,2102692,,"\\Top of Personal Folders\Inbox","05f6cdbe-b734-41a3-a591-b3d3d4d45564",nps-2008-jean.E01,jean@m57.biz
outlook.pst,"Google Alerts <googlealerts-noreply@google.com>","Google Alert - skin in the office","2008-07-16 11:42:04 WIB",,2102724,,"\\Top of Personal Folders\Inbox","05f6cdbe-b734-41a3-a591-b3d3d4d45564",nps-2008-jean.E01,jean@m57.biz
outlook.pst,"Google Alerts <googlealerts-noreply@google.com>","Google Alert - skin in the office","2008-07-16 13:21:05 WIB",,2102756,,"\\Top of Personal Folders\Inbox","05f6cdbe-b734-41a3-a591-b3d3d4d45564",nps-2008-jean.E01,jean@m57.biz
outlook.pst,"Google Alerts <googlealerts-noreply@google.com>","Google Alert - skin in the office","2008-07-16 16:58:05 WIB",,2102788,,"\\Top of Personal Folders\Inbox","05f6cdbe-b734-41a3-a591-b3d3d4d45564",nps-2008-jean.E01,jean@m57.biz
outlook.pst,"Google Alerts <googlealerts-noreply@google.com>","Google Alert - skin in the office","2008-07-16 19:16:11 WIB",,2102820,,"\\Top of Personal Folders\Inbox","05f6cdbe-b734-41a3-a591-b3d3d4d45564",nps-2008-jean.E01,jean@m57.biz
outlook.pst,"Google Alerts <googlealerts-noreply@google.com>","Google Alert - skin in the office","2008-07-16 22:29:22 WIB",,2102852,,"\\Top of Personal Folders\Inbox","05f6cdbe-b734-41a3-a591-b3d3d4d45564",nps-2008-jean.E01,jean@m57.biz
outlook.pst,"Google Alerts <googlealerts-noreply@google.com>","Google Alert - skin in the office","2008-07-16 23:21:58 WIB",,2102884,,"\\Top of Personal Folders\Inbox","05f6cdbe-b734-41a3-a591-b3d3d4d45564",nps-2008-jean.E01,jean@m57.biz
outlook.pst,"Google Alerts <googlealerts-noreply@google.com>","Google Alert - skin in the office","2008-07-17 00:14:14 WIB",,2102916,,"\\Top of Personal Folders\Inbox","05f6cdbe-b734-41a3-a591-b3d3d4d45564",nps-2008-jean.E01,jean@m57.biz
outlook.pst,"NPR Song of the Day <newsletters@n.npr.org>","Hear Stereolab's ""Valley Hi!""","2008-07-17 00:16:04 WIB",,2102948,,"\\Top of Personal Folders\Inbox","eba0bd65-96a0-4b1e-bed4-55c7e275351b",nps-2008-jean.E01,jean@m57.biz
outlook.pst,"Google Alerts <googlealerts-noreply@google.com>","Google Alert - skin in the office","2008-07-17 01:01:47 WIB",,2102980,,"\\Top of Personal Folders\Inbox","05f6cdbe-b734-41a3-a591-b3d3d4d45564",nps-2008-jean.E01,jean@m57.biz
outlook.pst,"Google Alerts <googlealerts-noreply@google.com>","Google Alert - skin in the office","2008-07-18 11:09:00 WIB",,2103524,,"\\Top of Personal Folders\Inbox","05f6cdbe-b734-41a3-a591-b3d3d4d45564",nps-2008-jean.E01,jean@m57.biz
outlook.pst,"Google Alerts <googlealerts-noreply@google.com>","Google Alert - skin in the office","2008-07-17 02:35:59 WIB",,2103044,,"\\Top of Personal Folders\Inbox","05f6cdbe-b734-41a3-a591-b3d3d4d45564",nps-2008-jean.E01,jean@m57.biz
outlook.pst,"Google Alerts <googlealerts-noreply@google.com>","Google Alert - skin in the office","2008-07-17 03:22:59 WIB",,2103076,,"\\Top of Personal Folders\Inbox","05f6cdbe-b734-41a3-a591-b3d3d4d45564",nps-2008-jean.E01,jean@m57.biz
outlook.pst,"Google Alerts <googlealerts-noreply@google.com>","Google Alert - skin in the office","2008-07-17 07:34:11 WIB",,2103108,,"\\Top of Personal Folders\Inbox","05f6cdbe-b734-41a3-a591-b3d3d4d45564",nps-2008-jean.E01,jean@m57.biz
outlook.pst,"Google Alerts <googlealerts-noreply@google.com>","Google Alert - skin in the office","2008-07-17 10:19:58 WIB",,2103140,,"\\Top of Personal Folders\Inbox","05f6cdbe-b734-41a3-a591-b3d3d4d45564",nps-2008-jean.E01,jean@m57.biz
outlook.pst,"Google Alerts <googlealerts-noreply@google.com>","Google Alert - skin in the office","2008-07-17 15:50:03 WIB",,2103172,,"\\Top of Personal Folders\Inbox","05f6cdbe-b734-41a3-a591-b3d3d4d45564",nps-2008-jean.E01,jean@m57.biz
outlook.pst,"Google Alerts <googlealerts-noreply@google.com>","Google Alert - skin in the office","2008-07-17 16:30:07 WIB",,2103204,,"\\Top of Personal Folders\Inbox","05f6cdbe-b734-41a3-a591-b3d3d4d45564",nps-2008-jean.E01,jean@m57.biz
outlook.pst,"Google Alerts <googlealerts-noreply@google.com>","Google Alert - skin in the office","2008-07-17 18:05:52 WIB",,2103236,,"\\Top of Personal Folders\Inbox","05f6cdbe-b734-41a3-a591-b3d3d4d45564",nps-2008-jean.E01,jean@m57.biz
outlook.pst,"Google Alerts <googlealerts-noreply@google.com>","Google Alert - skin in the office","2008-07-17 19:14:13 WIB",,2103268,,"\\Top of Personal Folders\Inbox","05f6cdbe-b734-41a3-a591-b3d3d4d45564",nps-2008-jean.E01,jean@m57.biz
outlook.pst,"Google Alerts <googlealerts-noreply@google.com>","Google Alert - skin in the office","2008-07-17 21:43:01 WIB",,2103300,,"\\Top of Personal Folders\Inbox","05f6cdbe-b734-41a3-a591-b3d3d4d45564",nps-2008-jean.E01,jean@m57.biz
outlook.pst,"Google Alerts <googlealerts-noreply@google.com>","Google Alert - skin in the office","2008-07-17 22:02:12 WIB",,2103332,,"\\Top of Personal Folders\Inbox","05f6cdbe-b734-41a3-a591-b3d3d4d45564",nps-2008-jean.E01,jean@m57.biz
outlook.pst,"Google Alerts <googlealerts-noreply@google.com>","Google Alert - skin in the office","2008-07-17 23:54:14 WIB",,2103364,,"\\Top of Personal Folders\Inbox","05f6cdbe-b734-41a3-a591-b3d3d4d45564",nps-2008-jean.E01,jean@m57.biz
outlook.pst,"Google Alerts <googlealerts-noreply@google.com>","Google Alert - skin in the office","2008-07-18 00:15:07 WIB",,2103396,,"\\Top of Personal Folders\Inbox","05f6cdbe-b734-41a3-a591-b3d3d4d45564",nps-2008-jean.E01,jean@m57.biz
outlook.pst,"NPR Song of the Day <newsletters@n.npr.org>","Hear James Blackshaw's ""Past Has Not Passed""","2008-07-18 01:23:22 WIB",,2103428,,"\\Top of Personal Folders\Inbox","7957d862-b033-40c2-b964-e74f908a5a45",nps-2008-jean.E01,jean@m57.biz
outlook.pst,"NPR News & Notes <newsletters@n.npr.org>","John McCain Talks Education to the NAACP","2008-07-18 07:42:14 WIB",,2103460,,"\\Top of Personal Folders\Inbox","3dbeecff-039e-40b0-aee0-d5ac6673e05d",nps-2008-jean.E01,jean@m57.biz
outlook.pst,"Google Alerts <googlealerts-noreply@google.com>","Google Alert - skin in the office","2008-07-18 12:46:54 WIB",,2103556,,"\\Top of Personal Folders\Inbox","05f6cdbe-b734-41a3-a591-b3d3d4d45564",nps-2008-jean.E01,jean@m57.biz
outlook.pst,"Google Alerts <googlealerts-noreply@google.com>","Google Alert - skin in the office","2008-07-18 14:24:47 WIB",,2103588,,"\\Top of Personal Folders\Inbox","05f6cdbe-b734-41a3-a591-b3d3d4d45564",nps-2008-jean.E01,jean@m57.biz
outlook.pst,"Google Alerts <googlealerts-noreply@google.com>","Google Alert - skin in the office","2008-07-18 15:16:25 WIB",,2103620,,"\\Top of Personal Folders\Inbox","05f6cdbe-b734-41a3-a591-b3d3d4d45564",nps-2008-jean.E01,jean@m57.biz
outlook.pst,"Google Alerts <googlealerts-noreply@google.com>","Google Alert - skin in the office","2008-07-18 16:23:37 WIB",,2103652,,"\\Top of Personal Folders\Inbox","05f6cdbe-b734-41a3-a591-b3d3d4d45564",nps-2008-jean.E01,jean@m57.biz
outlook.pst,"Google Alerts <googlealerts-noreply@google.com>","Google Alert - skin in the office","2008-07-18 17:55:34 WIB",,2103684,,"\\Top of Personal Folders\Inbox","05f6cdbe-b734-41a3-a591-b3d3d4d45564",nps-2008-jean.E01,jean@m57.biz
outlook.pst,"Google Alerts <googlealerts-noreply@google.com>","Google Alert - skin in the office","2008-07-18 19:37:02 WIB",,2103716,,"\\Top of Personal Folders\Inbox","05f6cdbe-b734-41a3-a591-b3d3d4d45564",nps-2008-jean.E01,jean@m57.biz
outlook.pst,"Google Alerts <googlealerts-noreply@google.com>","Google Alert - skin in the office","2008-07-18 20:58:30 WIB",,2103748,,"\\Top of Personal Folders\Inbox","05f6cdbe-b734-41a3-a591-b3d3d4d45564",nps-2008-jean.E01,jean@m57.biz
outlook.pst,"NPR Movie Notes <newsletters@n.npr.org>","'The Dark Knight' Pierces The Heart Of Darkness","2008-07-18 22:20:44 WIB",,2103780,,"\\Top of Personal Folders\Inbox","5e2498bb-fccf-48dd-8b5e-64b66e4689a9",nps-2008-jean.E01,jean@m57.biz
outlook.pst,"Google Alerts <googlealerts-noreply@google.com>","Google Alert - skin in the office","2008-07-18 22:33:16 WIB",,2103812,,"\\Top of Personal Folders\Inbox","05f6cdbe-b734-41a3-a591-b3d3d4d45564",nps-2008-jean.E01,jean@m57.biz
outlook.pst,"Google Alerts <googlealerts-noreply@google.com>","Google Alert - skin in the office","2008-07-18 23:20:24 WIB",,2103844,,"\\Top of Personal Folders\Inbox","05f6cdbe-b734-41a3-a591-b3d3d4d45564",nps-2008-jean.E01,jean@m57.biz
outlook.pst,"NPR Song of the Day <newsletters@n.npr.org>","Hear Ben Arthur's ""On A Sunday""","2008-07-19 00:24:36 WIB",,2103876,,"\\Top of Personal Folders\Inbox","6f387c73-061f-40d1-b26a-0a174df107a6",nps-2008-jean.E01,jean@m57.biz
outlook.pst,"Google Alerts <googlealerts-noreply@google.com>","Google Alert - skin in the office","2008-07-19 01:37:11 WIB",,2103908,,"\\Top of Personal Folders\Inbox","05f6cdbe-b734-41a3-a591-b3d3d4d45564",nps-2008-jean.E01,jean@m57.biz
outlook.pst,"Google Alerts <googlealerts-noreply@google.com>","Google Alert - skin in the office","2008-07-19 01:45:09 WIB",,2103940,,"\\Top of Personal Folders\Inbox","05f6cdbe-b734-41a3-a591-b3d3d4d45564",nps-2008-jean.E01,jean@m57.biz
outlook.pst,"Google Alerts <googlealerts-noreply@google.com>","Google Alert - skin in the office","2008-07-19 03:32:48 WIB",,2103972,,"\\Top of Personal Folders\Inbox","05f6cdbe-b734-41a3-a591-b3d3d4d45564",nps-2008-jean.E01,jean@m57.biz
outlook.pst,"Google Alerts <googlealerts-noreply@google.com>","Google Alert - skin in the office","2008-07-19 03:59:00 WIB",,2104004,,"\\Top of Personal Folders\Inbox","05f6cdbe-b734-41a3-a591-b3d3d4d45564",nps-2008-jean.E01,jean@m57.biz
outlook.pst,"Google Alerts <googlealerts-noreply@google.com>","Google Alert - skin in the office","2008-07-19 05:42:14 WIB",,2104036,,"\\Top of Personal Folders\Inbox","05f6cdbe-b734-41a3-a591-b3d3d4d45564",nps-2008-jean.E01,jean@m57.biz
outlook.pst,"Google Alerts <googlealerts-noreply@google.com>","Google Alert - skin in the office","2008-07-19 06:31:14 WIB",,2104068,,"\\Top of Personal Folders\Inbox","05f6cdbe-b734-41a3-a591-b3d3d4d45564",nps-2008-jean.E01,jean@m57.biz
outlook.pst,"NPR News & Notes <newsletters@n.npr.org>","One-On-One With Chante Moore","2008-07-19 08:35:27 WIB",,2104100,,"\\Top of Personal Folders\Inbox","98de66b3-17d1-48d6-8e0c-24b40b52c48e",nps-2008-jean.E01,jean@m57.biz
outlook.pst,"Google Alerts <googlealerts-noreply@google.com>","Google Alert - skin in the office","2008-07-19 08:46:01 WIB",,2104132,,"\\Top of Personal Folders\Inbox","05f6cdbe-b734-41a3-a591-b3d3d4d45564",nps-2008-jean.E01,jean@m57.biz
outlook.pst,"Google Alerts <googlealerts-noreply@google.com>","Google Alert - skin in the office","2008-07-19 13:46:32 WIB",,2104164,,"\\Top of Personal Folders\Inbox","05f6cdbe-b734-41a3-a591-b3d3d4d45564",nps-2008-jean.E01,jean@m57.biz
outlook.pst,"Google Alerts <googlealerts-noreply@google.com>","Google Alert - skin in the office","2008-07-19 16:30:37 WIB",,2104196,,"\\Top of Personal Folders\Inbox","05f6cdbe-b734-41a3-a591-b3d3d4d45564",nps-2008-jean.E01,jean@m57.biz
outlook.pst,"Google Alerts <googlealerts-noreply@google.com>","Google Alert - skin in the office","2008-07-19 18:27:23 WIB",,2104228,,"\\Top of Personal Folders\Inbox","05f6cdbe-b734-41a3-a591-b3d3d4d45564",nps-2008-jean.E01,jean@m57.biz
outlook.pst,"Google Alerts <googlealerts-noreply@google.com>","Google Alert - skin in the office","2008-07-19 22:38:16 WIB",,2104260,,"\\Top of Personal Folders\Inbox","05f6cdbe-b734-41a3-a591-b3d3d4d45564",nps-2008-jean.E01,jean@m57.biz
outlook.pst,"Google Alerts <googlealerts-noreply@google.com>","Google Alert - skin in the office","2008-07-20 03:16:24 WIB",,2104292,,"\\Top of Personal Folders\Inbox","05f6cdbe-b734-41a3-a591-b3d3d4d45564",nps-2008-jean.E01,jean@m57.biz
outlook.pst,"Google Alerts <googlealerts-noreply@google.com>","Google Alert - skin in the office","2008-07-20 04:53:39 WIB",,2104324,,"\\Top of Personal Folders\Inbox","05f6cdbe-b734-41a3-a591-b3d3d4d45564",nps-2008-jean.E01,jean@m57.biz
outlook.pst,"alex <alex@m57.biz>","financial plans","2008-07-20 06:32:51 WIB","Hi, Jean. Have you started putting together the financial projections yet?",2104484,,"\\Top of Personal Folders\Inbox","46330dab-3e71-493d-a39c-3236fdaa0ed6",nps-2008-jean.E01,jean@m57.biz
outlook.pst,"alex <alison@m57.biz>","RE: programmers","2008-07-20 06:50:20 WIB","Well, make it happen.


-----Original Message-----
From: Jean User [mailto:jean@m57.biz]
Sent: Sunday, July 20, 2008 12:46 AM
To: alex
Subject: RE: progr...",2105572,,"\\Top of Personal Folders\Inbox","79fdfda7-da05-41ee-917d-49fbfc93ef4f",nps-2008-jean.E01,
outlook.pst,"alex <alison@m57.biz>","RE: background checks","2008-07-20 06:50:20 WIB","What's a ""sure thing."" ?



-----Original Message-----
From: Jean User [mailto:jean@m57.biz]
Sent: Sunday, July 20, 2008 12:46 AM
To: alison@m57.biz
Sub...",2105540,,"\\Top of Personal Folders\Inbox","e536f4ed-dad4-47d6-bb64-80a97c1e131e",nps-2008-jean.E01,
outlook.pst,"alex <alison@m57.biz>","RE: CNN.com Daily Top 10","2008-07-20 06:50:20 WIB","CNN.com Daily Top 10Sorry; I don't know why I sent that to you.

  -----Original Message-----
  From: Jean User [mailto:jean@m57.biz]
  Sent: Sunday, July 2...",2105604,,"\\Top of Personal Folders\Inbox","1d42c487-e1a9-4079-8cc1-17f5d76b73bd",nps-2008-jean.E01,
outlook.pst,"alison@m57.biz <tuckgorge@gmail.com>","Thanks!","2008-07-20 12:03:40 WIB","Jean,

Thanks for the file. I'll handle it from here. to: jean@m57.biz
from: (alison@m57.biz) tuckgorge@gmail.com
subject: Thanks!

Jean,

Thanks for th...",2105764,,"\\Top of Personal Folders\Inbox","ad2e4bc0-79b7-499c-ac8e-164f83066e65",nps-2008-jean.E01,jean@m57.biz
outlook.pst,"alison@m57.biz <tuckgorge@gmail.com>","Please send me the information now","2008-07-20 08:22:45 WIB","Hi, Jean.

I'm sorry to bother you, but I really need that information now --- this VC guy is being very insistent.
Can you please reply to this email with t...",2105668,,"\\Top of Personal Folders\Inbox","7a53b950-16e4-4082-afd4-58997ecad2d2",nps-2008-jean.E01,jean@m57.biz
outlook.pst,"alex <alison@m57.biz>","RE: which email address are you using?","2008-07-20 06:50:21 WIB","Please stop this email train.


-----Original Message-----
From: Jean User [mailto:jean@m57.biz]
Sent: Sunday, July 20, 2008 12:47 AM
To: alison@m57.biz
...",2105636,,"\\Top of Personal Folders\Inbox","79fdfda7-da05-41ee-917d-49fbfc93ef4f",nps-2008-jean.E01,
outlook.pst,"alex <alex@m57.biz>","FW: CNN.com Daily Top 10","2008-07-20 06:32:55 WIB","CNN.com Daily Top 10
-----Original Message-----
From: Daily Top 10 [mailto:mailings@mail.cnn.com]
Sent: Friday, July 18, 2008 8:59 PM
To: alison@M57.BIZ
Su...",2104708,,"\\Top of Personal Folders\Inbox","1d42c487-e1a9-4079-8cc1-17f5d76b73bd",nps-2008-jean.E01,jean@m57.biz
outlook.pst,"alex <alex@m57.biz>","FW: This Week in Health","2008-07-20 06:32:55 WIB","CNN.com - Health News
-----Original Message-----
From: Health Week [mailto:mailings@mail.cnn.com]
Sent: Friday, July 18, 2008 10:31 PM
To: alison@M57.BIZ
S...",2104740,,"\\Top of Personal Folders\Inbox","6b8a49db-4d41-461b-ba49-c57fbf1056fe",nps-2008-jean.E01,jean@m57.biz
outlook.pst,"alex <alex@m57.biz>","FW: The CNN Political Ticker PM, Friday, July 18, 2008","2008-07-20 06:32:56 WIB","CNN.com - CNN Political Ticker
-----Original Message-----
From: CNN Political Ticker [mailto:politicalticker@cnn.com]
Sent: Friday, July 18, 2008 10:57 PM
T...",2104772,,"\\Top of Personal Folders\Inbox","775e6640-97f8-4d7a-9cc6-ff8676400527",nps-2008-jean.E01,jean@m57.biz
outlook.pst,"alex <alex@m57.biz>","FW: Obama makes first trip to Afghanistan","2008-07-20 06:32:56 WIB","-----Original Message-----
From: CNN AM QuickNews [mailto:mailings@mail.cnn.com]
Sent: Saturday, July 19, 2008 10:31 AM
To: alison@M57.BIZ
Subject: Obama ma...",2104804,,"\\Top of Personal Folders\Inbox","87a1536a-c0e4-496a-a197-358f88c9a02c",nps-2008-jean.E01,jean@m57.biz
outlook.pst,"alex <alex@m57.biz>","RE: which email address are you using?","2008-07-20 06:33:13 WIB","This one, obviously.


-----Original Message-----
From: Jean User [mailto:jean@m57.biz]
Sent: Sunday, July 20, 2008 12:32 AM
To: alison@m57.biz
Subject: ...",2104836,,"\\Top of Personal Folders\Inbox","79fdfda7-da05-41ee-917d-49fbfc93ef4f",nps-2008-jean.E01,"; alison@m57.biz"
outlook.pst,"alison@m57.biz <alison@m57.biz>","background checks","2008-07-20 06:39:57 WIB","Jean,


One of the potential investors that I've been dealing with has asked me to get a background
check of our current employees. Apparently they recently...",2104868,,"\\Top of Personal Folders\Inbox","e536f4ed-dad4-47d6-bb64-80a97c1e131e",nps-2008-jean.E01,jean@m57.biz
outlook.pst,"alex <alison@m57.biz>",programmers,"2008-07-20 06:43:48 WIB","Have you heard anything yet from Alice, Bob and Carol? They were all
supposed to start last week.


-----Original Message-----
From: Jean User [mailto:jean...",2105124,,"\\Top of Personal Folders\Inbox","79fdfda7-da05-41ee-917d-49fbfc93ef4f",nps-2008-jean.E01,
outlook.pst,"alex <alison@m57.biz>","RE: which email address are you using?","2008-07-20 06:43:48 WIB","Whoops. It looks like my email was misconfigured.

My email is alison@m57.biz, not alex. Sorry about that.


-----Original Message-----
From: alex [mailto...",2105156,,"\\Top of Personal Folders\Inbox","79fdfda7-da05-41ee-917d-49fbfc93ef4f",nps-2008-jean.E01,
outlook.pst,"AlisonM57 <alison@m57.biz>","what is going on?","2008-07-21 06:41:11 WIB","What are you doing?",2106244,,"\\Top of Personal Folders\Inbox","07e05c5e-02be-470b-a35c-0d6b1ffc5239",nps-2008-jean.E01,jean@m57.biz
outlook.pst,"AlisonM57 <alison@m57.biz>","are you around today?","2008-07-21 06:47:32 WIB","Jean, 

Something very strange is going on. Do you know anything about it?",2106436,,"\\Top of Personal Folders\Inbox","57c5f3a6-43e3-458e-bce2-27ba85b6f0e5",nps-2008-jean.E01,jean@m57.biz
outlook.pst,"bob@m57.biz <bob@m57.biz>","Hi Jean","2008-07-21 06:53:19 WIB","Hi, Jean.

This is Bob. I'm one of the programmers working on the project.

Do you know anything about my social security number being posted on the
Intern...",2106468,,"\\Top of Personal Folders\Inbox","d9829f4d-9502-45a6-a247-1ae33968a257",nps-2008-jean.E01,jean@m57.biz
outlook.pst,"carol@m57.biz <carol@m57.biz>","When is our next meeting?","2008-07-21 06:57:03 WIB","Hi, Jean. This is Carol. I'm the webmaster.

Is this email good for you?",2106724,,"\\Top of Personal Folders\Inbox","8a00351e-8aac-4bab-a232-a2bde76690e4",nps-2008-jean.E01,jean@m57.biz
outlook.pst,"bob@m57.biz <bob@m57.biz>","RE: Hi Jean","2008-07-21 07:02:59 WIB","Jean,

Thanks for the follow-up.

By the way, is your SSN 432-34-6432 and are you really making $120,000/year?



> Hi Bob. No I've heard nothing about ...",2106852,,"\\Top of Personal Folders\Inbox","d9829f4d-9502-45a6-a247-1ae33968a257",nps-2008-jean.E01,
outlook.pst,"carol@m57.biz <carol@m57.biz>","RE: When is our next meeting?","2008-07-21 07:10:26 WIB","Did you by any chance populate the database with real data? It's not ready
for that yet.

> Sure. What's going on? A lot of people are saying weird things ab...",2107076,,"\\Top of Personal Folders\Inbox","8a00351e-8aac-4bab-a232-a2bde76690e4",nps-2008-jean.E01,
outlook.pst,"bob@m57.biz <bob@m57.biz>","RE: Hi Jean","2008-07-21 07:11:45 WIB","Jean, it is very difficult for me to tell the difference between what I'm
sending to you and what you are sending back to me.

Since this email might be used...",2107108,,"\\Top of Personal Folders\Inbox","d9829f4d-9502-45a6-a247-1ae33968a257",nps-2008-jean.E01,
outlook.pst,"Jean User <jean@m57.biz>","RE: Obama makes first trip to Afghanistan","2008-07-20 12:04:00 WIB","-----Original Message-----
From: alex [mailto:alex@m57.biz]
Sent: Sunday, July 20, 2008 12:33 AM
To: jean@m57.biz
Subject: FW: Obama makes first trip to Afg...",2105892,,"\\Top of Personal Folders\Outbox","87a1536a-c0e4-496a-a197-358f88c9a02c",nps-2008-jean.E01,alex
outlook.pst,"Jean User <jean@m57.biz>","RE: Obama makes first trip to Afghanistan","2008-07-20 12:04:00 WIB","Why did you send all of these to me?

-----Original Message-----
From: alex [mailto:alex@m57.biz]
Sent: Sunday, July 20, 2008 12:33 AM
To: jean@m57.biz
Su...",2105828,,"\\Top of Personal Folders\Outbox","87a1536a-c0e4-496a-a197-358f88c9a02c",nps-2008-jean.E01,alex
outlook.pst,"Jean User <jean@m57.biz>","RE: Obama makes first trip to Afghanistan","2008-07-20 12:04:00 WIB","-----Original Message-----
From: alex [mailto:alex@m57.biz]
Sent: Sunday, July 20, 2008 12:33 AM
To: jean@m57.biz
Subject: FW: Obama makes first trip to Afg...",2105860,,"\\Top of Personal Folders\Outbox","87a1536a-c0e4-496a-a197-358f88c9a02c",nps-2008-jean.E01,alex
outlook.pst,"Jean User <jean@m57.biz>","test test test","2008-07-06 14:39:00 WIB","Do I have email now?",2097316,,"\\Top of Personal Folders\Sent Items","896dabf1-ad5a-4a80-8fbc-6ca7d675a476",nps-2008-jean.E01,jean@m57.biz
outlook.pst,"Jean User <jean@m57.biz>","let's try again","2008-07-06 14:48:00 WIB","Do I suck?",2097348,,"\\Top of Personal Folders\Sent Items","877f0355-1fcd-4f14-855d-6601000fb0ff",nps-2008-jean.E01,jean@m57.biz
outlook.pst,"Jean User <jean@m57.biz>","This is what I was talking about","2008-07-06 14:55:00 WIB","/living     
Home World U.S. Politics Crime Entertainment Health Tech Travel Living Business Sports Time.com Video iReport Impact 
Hot Topics  Surviving the ...",2097476,,"\\Top of Personal Folders\Sent Items","ec516792-2690-41f5-a779-5c431b4068f5",nps-2008-jean.E01,alison@m57.biz
outlook.pst,"Jean User <jean@m57.biz>","RE: This is what I was talking about","2008-07-07 12:24:00 WIB","response.

-----Original Message-----
From: AlisonM57 [mailto:alison@m57.biz]
Sent: Sunday, July 06, 2008 8:29 PM
To: Jean User
Subject: RE: This is what ...",2098404,,"\\Top of Personal Folders\Sent Items","ec516792-2690-41f5-a779-5c431b4068f5",nps-2008-jean.E01,AlisonM57
outlook.pst,"Jean User <jean@m57.biz>","RE: By the way...","2008-07-07 12:25:00 WIB","EMAIL THIS EmailI thought you told me not to send links.
  -----Original Message-----
  From: AlisonM57 [mailto:alison@m57.biz]
  Sent: Sunday, July 06, 2008...",2098436,,"\\Top of Personal Folders\Sent Items","359e8ff9-81dc-4741-a919-8c36ab29ac0c",nps-2008-jean.E01,AlisonM57
outlook.pst,"Jean User <jean@m57.biz>","RE: business plan","2008-07-07 12:25:00 WIB","You are really quite the task master, or rather, task mistress.


-----Original Message-----
From: AlisonM57 [mailto:alison@m57.biz]
Sent: Sunday, July 06,...",2098468,,"\\Top of Personal Folders\Sent Items","b94f8278-85b9-4d89-98e5-9f1f79c9c0d9",nps-2008-jean.E01,AlisonM57
outlook.pst,"Jean User <jean@m57.biz>","FW: Google Alert - skin in the office","2008-07-07 12:26:00 WIB","-----Original Message-----
From: Google Alerts [mailto:googlealerts-noreply@google.com]
Sent: Monday, July 07, 2008 3:12 AM
To: jean@m57.biz
Subject: Google...",2098500,,"\\Top of Personal Folders\Sent Items","324516a7-1e14-4bf9-99b3-181f23dee1b7",nps-2008-jean.E01,alison@m57.biz
outlook.pst,"Jean User <jean@m57.biz>","FW: Google Alert - skin in the office","2008-07-07 12:26:00 WIB","-----Original Message-----
From: Google Alerts [mailto:googlealerts-noreply@google.com]
Sent: Monday, July 07, 2008 2:47 AM
To: jean@m57.biz
Subject: Google...",2098532,,"\\Top of Personal Folders\Sent Items","3df057d9-ec0a-4f3b-954e-8eef05f9bfe5",nps-2008-jean.E01,alison@m57.biz
outlook.pst,"Jean User <jean@m57.biz>","FW: Google Alert - skin in the office","2008-07-07 12:27:00 WIB","Do you think that flipflops are not acceptable in the office?

-----Original Message-----
From: Google Alerts [mailto:googlealerts-noreply@google.com]
Sent:...",2098564,,"\\Top of Personal Folders\Sent Items","324516a7-1e14-4bf9-99b3-181f23dee1b7",nps-2008-jean.E01,alison@m57.biz
outlook.pst,"Jean User <jean@m57.biz>","which email address are you using?","2008-07-20 06:31:00 WIB","Are you going to use alex@m57.biz or alison@m57.biz?",2104452,,"\\Top of Personal Folders\Sent Items","79fdfda7-da05-41ee-917d-49fbfc93ef4f",nps-2008-jean.E01,alison@m57.biz
outlook.pst,"Jean User <jean@m57.biz>","RE: which email address are you using?","2008-07-20 06:44:00 WIB","So are you going to get this email?


-----Original Message-----
From: alex [mailto:alison@m57.biz]
Sent: Sunday, July 20, 2008 12:44 AM
To: Jean User
Su...",2105348,,"\\Top of Personal Folders\Sent Items","79fdfda7-da05-41ee-917d-49fbfc93ef4f",nps-2008-jean.E01,alex
outlook.pst,"Jean User <jean@m57.biz>","RE: programmers","2008-07-20 06:44:00 WIB","Not yet. 

-----Original Message-----
From: alex [mailto:alison@m57.biz]
Sent: Sunday, July 20, 2008 12:44 AM
To: Jean User
Subject: programmers


Have...",2105380,,"\\Top of Personal Folders\Sent Items","79fdfda7-da05-41ee-917d-49fbfc93ef4f",nps-2008-jean.E01,alex
outlook.pst,"Jean User <jean@m57.biz>","RE: background checks","2008-07-20 06:44:00 WIB","Sure thing.",2105412,,"\\Top of Personal Folders\Sent Items","e536f4ed-dad4-47d6-bb64-80a97c1e131e",nps-2008-jean.E01,alison@m57.biz
outlook.pst,"Jean User <jean@m57.biz>","RE: which email address are you using?","2008-07-20 06:46:00 WIB","I'm confused.

-----Original Message-----
From: alex [mailto:alex@m57.biz]
Sent: Sunday, July 20, 2008 12:33 AM
To: Jean User; alison@m57.biz
Subject: RE:...",2105444,,"\\Top of Personal Folders\Sent Items","79fdfda7-da05-41ee-917d-49fbfc93ef4f",nps-2008-jean.E01,alison@m57.biz
outlook.pst,"Jean User <jean@m57.biz>","RE: CNN.com Daily Top 10","2008-07-20 06:46:00 WIB","CNN.com Daily Top 10Huh?

  -----Original Message-----
  From: alex [mailto:alex@m57.biz]
  Sent: Sunday, July 20, 2008 12:33 AM
  To: jean@m57.biz
  Subj...",2105476,,"\\Top of Personal Folders\Sent Items","1d42c487-e1a9-4079-8cc1-17f5d76b73bd",nps-2008-jean.E01,alison@m57.biz
outlook.pst,"Jean User <jean@m57.biz>","RE: Please send me the information now","2008-07-20 08:28:00 WIB","I've attached the information that you have requested to this email message.


-----Original Message-----
From: alison@m57.biz [mailto:tuckgorge@gmail.com]...",2105732,Yes,"\\Top of Personal Folders\Sent Items","7a53b950-16e4-4082-afd4-58997ecad2d2",nps-2008-jean.E01,alison@m57.biz
outlook.pst,"Jean User <jean@m57.biz>","RE: Thanks!","2008-07-20 12:04:00 WIB","Sure thing.",2105924,,"\\Top of Personal Folders\Sent Items","ad2e4bc0-79b7-499c-ac8e-164f83066e65",nps-2008-jean.E01,alison@m57.biz
outlook.pst,"Jean User <jean@m57.biz>","RE: what is going on?","2008-07-21 06:51:00 WIB","I'm handling some business-trip-related stuff. any reservations you want me to make on your behalf?

Ps What's this thing about Katie' Holmse's hands?

What...",2106404,,"\\Top of Personal Folders\Sent Items","07e05c5e-02be-470b-a35c-0d6b1ffc5239",nps-2008-jean.E01,AlisonM57
outlook.pst,"Jean User <jean@m57.biz>","RE: are you around today?","2008-07-21 06:57:00 WIB","Like what? Network's running kind of slow. Did we have a breakin or something?

Jean, 

Something very strange is going on. Do you know anything about it?",2106660,,"\\Top of Personal Folders\Sent Items","57c5f3a6-43e3-458e-bce2-27ba85b6f0e5",nps-2008-jean.E01,AlisonM57
outlook.pst,"Jean User <jean@m57.biz>","RE: Hi Jean","2008-07-21 06:58:00 WIB","Hi Bob. No I've heard nothing about this. Alison just asked me a question if something weird was going on. I haven't seen anything.


Hi, Jean.

This is Bo...",2106692,,"\\Top of Personal Folders\Sent Items","d9829f4d-9502-45a6-a247-1ae33968a257",nps-2008-jean.E01,bob@m57.biz
outlook.pst,"Jean User <jean@m57.biz>","RE: When is our next meeting?","2008-07-21 07:01:00 WIB","Sure. What's going on? A lot of people are saying weird things about potential problems with site.

--J


Hi, Jean. This is Carol. I'm the webmaster.

Is...",2106820,,"\\Top of Personal Folders\Sent Items","8a00351e-8aac-4bab-a232-a2bde76690e4",nps-2008-jean.E01,carol@m57.biz
outlook.pst,"Jean User <jean@m57.biz>","RE: Hi Jean","2008-07-21 07:04:00 WIB","Jean,

Thanks for the follow-up.

By the way, is your SSN 432-34-6432 and are you really making $120,000/year?



It is, and I do. What's up with that? ...",2106948,,"\\Top of Personal Folders\Sent Items","d9829f4d-9502-45a6-a247-1ae33968a257",nps-2008-jean.E01,bob@m57.biz
outlook.pst,"Jean User <jean@m57.biz>","RE: When is our next meeting?","2008-07-21 07:45:00 WIB","What are you talking about? I'm confused. I'd never use real data for this.

J

Did you by any chance populate the database with real data? It's not ready
...",2107300,,"\\Top of Personal Folders\Sent Items","8a00351e-8aac-4bab-a232-a2bde76690e4",nps-2008-jean.E01,carol@m57.biz
outlook.pst,"Jean User <jean@m57.biz>","RE: Hi Jean","2008-07-21 07:46:00 WIB","yes it is... is there a problem?

Jean, it is very difficult for me to tell the difference between what I'm
sending to you and what you are sending back to m...",2107332,,"\\Top of Personal Folders\Sent Items","d9829f4d-9502-45a6-a247-1ae33968a257",nps-2008-jean.E01,bob@m57.biz
f0765432.pst,"Microsoft Outlook 2000","Welcome to Microsoft Outlook 2000!","2008-07-10 14:47:23 WIB","Welcome to Microsoft Outlook 2000 One Window to Your World of Information   Microsoft(R) Outlook(R) 2000 is the premier messaging and collaboration client that ...",2097188,Yes,"\\Top of Personal Folders\Inbox","9f4f76c6-4bbf-470b-a680-6ece46da5a39",nps-2008-jean.E01,
f0363624.pst,"Microsoft Outlook 2000","Welcome to Microsoft Outlook 2000!","2008-07-10 14:47:23 WIB","Welcome to Microsoft Outlook 2000 One Window to Your World of Information   Microsoft(R) Outlook(R) 2000 is the premier messaging and collaboration client that ...",2097188,Yes,"\\Top of Personal Folders\Inbox","f768b566-0adc-4a9c-99eb-b8e1bd305a72",nps-2008-jean.E01,
